<?xml version="1.0" encoding="UTF-8"?>
<configuration>

    <appender name="console" class="ch.qos.logback.core.ConsoleAppender">
        <encoder>
            <pattern>%d{HH:mm:ss.SSS} [%thread] %-5level %logger{36} - %msg%n</pattern>
        </encoder>
    </appender>

    <appender name="file" class="ch.qos.logback.core.rolling.RollingFileAppender">
        <file>log/stream-manager.log</file>
        <rollingPolicy class="ch.qos.logback.core.rolling.TimeBasedRollingPolicy">
            <!-- daily rollover -->
            <fileNamePattern>log/stream-manager.%d{yyyy-MM-dd}.log</fileNamePattern>
            <!-- keep 1 days' worth of history -->
            <maxHistory>5</maxHistory>
        </rollingPolicy>

        <encoder>
            <pattern>%d{HH:mm:ss.SSS}  %-4relative [%thread] %-5level %logger{35} - %msg%n</pattern>
        </encoder>
    </appender>

    <logger name="com.red5pro.services.streammanager" level="debug" />
    <logger name="org.springframework" level="info" />
	<logger name="org.springframework.beans" level="info" />

    <root level="info">
        <appender-ref ref="console"/>
        <appender-ref ref="file"/>
    </root>

</configuration>