<?xml version="1.0" encoding="UTF-8"?>
<beans xmlns="http://www.springframework.org/schema/beans"
    xmlns:xsi="http://www.w3.org/2001/XMLSchema-instance"
    xsi:schemaLocation="http://www.springframework.org/schema/beans http://www.springframework.org/schema/beans/spring-beans.xsd">

<!-- 
    <bean id="placeholderConfig" class="org.springframework.beans.factory.config.PropertyPlaceholderConfigurer">
        <property name="location" value="classpath:/webrtc-plugin.properties" />
    </bean>
-->

    <!-- To disable the embedded TURN/STUN server, comment this out -->
<!--
    <bean id="turnSeverService" class="com.red5pro.webrtc.service.TurnServerService">
        <property name="address" value="0.0.0.0" />
        <property name="port" value="3478" />
        <property name="backlog" value="50" />
    </bean>
-->

    <bean id="service.pinger" class="com.red5pro.webrtc.service.PingService" scope="prototype" />

    <bean id="service.streamManager" class="com.red5pro.webrtc.service.StreamManagerService" scope="prototype">
        <!-- Stream debugging flag -->
        <property name="debugStreams" value="false" />
        <!-- Preferred audio codec for WebRTC subscribers -->
        <property name="rtcOutAudioCodec" value="OPUS" />
        <!-- Preferred video codec for WebRTC subscribers (VP8 or H264) -->
        <property name="rtcOutVideoCodec" value="VP8" />
        <!-- Enable rtcp-mux -->
        <property name="rtcpMux" value="false" />
        <!-- Enable ulpfec -->
        <property name="ulpfec" value="false" />
        <!-- Enable red -->
        <property name="red" value="false" />
        <!-- Enable fir -->
        <property name="fir" value="false" />
        <!-- Enable nack -->
        <property name="nack" value="false" />
        <!-- Enable pli -->
        <property name="pli" value="false" />
        <!-- Enable Google remb -->
        <property name="googRemb" value="false" />
        <!-- Enable transport cc -->
        <property name="transportCC" value="false" />
        <!-- Enable packetizationMode for h264 output -->
        <property name="packetizationMode" value="1" />
        <!-- Sleep time in milliseconds for the ICE loop -->
        <property name="iceAgentSleepPeriod" value="1000" />
    </bean>

</beans>
