{
  "launchconfig": {
    "name": "aws-default",
    "description": "This is a sample launch configuration for aws",
    "image": "{red5pro-image-id}",
    "instanceType": "c4.xlarge",
    "connectionCapacity": "2000",
    "properties": {
      "property": [
        {
          "name": "property-name",
          "value": "property-value"
        }
      ]
    },
    "metadata": {
      "meta": [
        {
          "key": "meta-name",
          "value": "meta-value"
        }
      ]
    }
  }
}